{
  "coordinates_x": [
    2.001493215560913,
    2.001495361328125,
    2.001485824584961,
    2.001500368118286,
    2.0015225410461426,
    2.0015416145324707,
    2.001565456390381,
    2.001593828201294,
    2.0016591548919678,
    2.001704216003418,
    2.001699924468994,
    2.0016658306121826,
    2.001594305038452,
    2.0015389919281006,
    2.0015501976013184,
    2.0015621185302734,
    2.001584053039551,
    2.001579761505127,
    2.0016093254089355,
    2.0016729831695557,
    2.001753091812134,
    2.0018627643585205,
    2.0018537044525146,
    2.0018534660339355,
    2.0018646717071533,
    2.001885414123535,
    2.001897096633911,
    2.001922607421875,
    2.001971960067749,
    2.002005100250244,
    2.002002477645874,
    2.001955270767212,
    2.001925230026245,
    2.001838445663452,
    2.0017740726470947,
    2.0017480850219727,
    2.0017805099487305,
    2.0018301010131836,
    2.0019209384918213,
    2.001908540725708,
    2.0019166469573975,
    2.0019352436065674,
    2.0018880367279053,
    2.001835346221924,
    2.0018229484558105,
    2.001828908920288,
    2.0017971992492676,
    2.0018374919891357,
    2.001819133758545,
    2.00179386138916,
    2.0017621517181396,
    2.001677989959717,
    2.001624584197998,
    2.0016376972198486,
    2.0016260147094727,
    2.0016160011291504,
    2.001595973968506,
    2.001631498336792,
    2.001682758331299,
    2.001837968826294,
    2.0018422603607178,
    2.0018367767333984,
    2.0018792152404785,
    2.00188946723938,
    2.001934766769409,
    2.0019936561584473,
    2.0020642280578613,
    2.0020880699157715,
    2.0020976066589355,
    2.0021238327026367,
    2.0022149085998535,
    2.0023131370544434,
    2.002399444580078,
    2.002411365509033,
    2.0024354457855225,
    2.002441644668579,
    2.002452850341797,
    2.0024991035461426,
    2.0024964809417725,
    2.0024940967559814,
    2.002485990524292,
    2.00248122215271,
    2.00252103805542,
    2.0025510787963867,
    2.0025620460510254,
    2.002593994140625,
    2.002598762512207,
    2.0026233196258545,
    2.0026097297668457,
    2.002617359161377,
    2.0026535987854004,
    2.0027029514312744,
    2.0027360916137695,
    2.0028090476989746,
    2.002908945083618,
    2.002922534942627,
    2.002880573272705
  ],
  "coordinates_y": [
    -1.5719273090362549,
    -1.5718939304351807,
    -1.5718350410461426,
    -1.5717569589614868,
    -1.5716948509216309,
    -1.5716419219970703,
    -1.5715903043746948,
    -1.5715347528457642,
    -1.5714513063430786,
    -1.5713744163513184,
    -1.5712791681289673,
    -1.571199893951416,
    -1.5711262226104736,
    -1.5710636377334595,
    -1.5709738731384277,
    -1.5708813667297363,
    -1.570821762084961,
    -1.5707569122314453,
    -1.5706439018249512,
    -1.5705097913742065,
    -1.5703771114349365,
    -1.5701816082000732,
    -1.570051908493042,
    -1.5700170993804932,
    -1.5700101852416992,
    -1.5700029134750366,
    -1.5699965953826904,
    -1.5700026750564575,
    -1.569989800453186,
    -1.5699712038040161,
    -1.5699551105499268,
    -1.5699557065963745,
    -1.5699708461761475,
    -1.569950819015503,
    -1.5698957443237305,
    -1.569860577583313,
    -1.5697124004364014,
    -1.5695774555206299,
    -1.569266438484192,
    -1.569165825843811,
    -1.5691334009170532,
    -1.5691041946411133,
    -1.5690363645553589,
    -1.5689361095428467,
    -1.5688247680664062,
    -1.568743348121643,
    -1.5686596632003784,
    -1.5685904026031494,
    -1.5685173273086548,
    -1.5684810876846313,
    -1.5684525966644287,
    -1.568418025970459,
    -1.5683939456939697,
    -1.5682682991027832,
    -1.5681095123291016,
    -1.567954182624817,
    -1.5677918195724487,
    -1.5675829648971558,
    -1.5675100088119507,
    -1.5673377513885498,
    -1.5671826601028442,
    -1.5670626163482666,
    -1.567021369934082,
    -1.5669771432876587,
    -1.5669076442718506,
    -1.5668203830718994,
    -1.5667335987091064,
    -1.566672444343567,
    -1.5666019916534424,
    -1.5665209293365479,
    -1.5663442611694336,
    -1.5661156177520752,
    -1.5659749507904053,
    -1.5658975839614868,
    -1.5658462047576904,
    -1.5657806396484375,
    -1.5656818151474,
    -1.5656039714813232,
    -1.565502643585205,
    -1.5654224157333374,
    -1.565335750579834,
    -1.565227746963501,
    -1.5651185512542725,
    -1.565049171447754,
    -1.5650200843811035,
    -1.5649346113204956,
    -1.5648690462112427,
    -1.5646960735321045,
    -1.5645592212677002,
    -1.5644587278366089,
    -1.5643880367279053,
    -1.5643525123596191,
    -1.5643112659454346,
    -1.5642428398132324,
    -1.5641472339630127,
    -1.5640403032302856,
    -1.5638983249664307
  ]
}